,Prob_class_0,Prob_class_1
AAAAAAAAAAAAAAASGFAYPGTSER/2_0_30eV,0.7809016704559326,0.21909832954406738
AAAAAAAAAVSR/2_0_30eV,0.8971189856529236,0.1028810366988182
AAAAAAAAGAFAGR/2_0_30eV,0.9695600867271423,0.030439916998147964
AAAAAAAAVPSAGPAGPAPTSAAGR/2_0_30eV,0.9707449674606323,0.029255062341690063
AAAAAAALQAK/2_0_30eV,0.9719555974006653,0.028044404461979866
AAAAAAARGSNSDSPPGR/2_0_30eV,0.9197772145271301,0.08022278547286987
AAAAAAARGSNSDSPPGRPAPAASPEHR/4_0_30eV,0.9525456428527832,0.04745432734489441
AAAAAAASFAAEQAGAAALLPLGAAADHHSLYK/3_0_30eV,0.9593831896781921,0.04061681777238846
AAAAAAAVGGQQPSQPELPAPGLALDK/2_0_30eV,0.9719555974006653,0.028044404461979866
AAAAAAGAASGLPGPVAQGLK/2_0_30eV,0.9678298830986023,0.0321701318025589
AAAAAAGSGTPREEEGPAGEAAASQPQAPTSVPGAR/3_0_30eV,0.7647255659103394,0.23527441918849945
AAAAAATAAAAASIR/2_0_30eV,0.4931790828704834,0.5068209171295166
AAAAAATAPPSPGPAQPGPR/2_0_30eV,0.9719555974006653,0.028044404461979866
AAAAAATVLLR/2_0_30eV,0.9595890045166016,0.04041101038455963
AAAAAETPEVLR/2_0_30eV,0.9601923227310181,0.03980768844485283
AAAAAETPEVLRE/2_0_30eV,0.9719555974006653,0.028044404461979866
AAAAAGGAAAAAAR/2_0_30eV,0.7421563863754272,0.25784358382225037
AAAAAGGAPGPAPGPAGPPPPAAPTSAAR/2_0_30eV,0.8869017958641052,0.11309818178415298
AAAAAGLGGGGAGPGPEAGDFLAR/2_0_30eV,0.9706549644470215,0.029345054179430008
AAAAALSGSPPQTEKPTHYR/3_0_30eV,0.9615696668624878,0.038430310785770416
AAAAALSQQQSLQER/2_0_30eV,0.9689732789993286,0.03102671168744564
AAAAASAAGPGGLVAGKEEK/2_0_30eV,0.9644947052001953,0.03550530970096588
AAAAASAPQQLSDEELFSQLR/2_0_30eV,0.9628406763076782,0.03715933859348297
AAAAASASQDELNQLER/2_0_30eV,0.9655176401138306,0.034482333809137344
AAAAASHLNLDALR/3_0_30eV,0.9272318482398987,0.07276816666126251
"AAAAASSSSPSCTPATSQGHLR/2_1(11,C,CAM)_30eV",0.9530432224273682,0.046956777572631836
AAAADSFSGGPAGVR/2_0_30eV,0.9452691674232483,0.054730821400880814
AAAADSFSGGPAGVRLPR/2_0_30eV,0.9561741352081299,0.04382584989070892
AAAAEGVLATR/2_0_30eV,0.9719555974006653,0.028044404461979866
AAAAELLAQTTHFLHDPK/3_0_30eV,0.9501590728759766,0.04984094947576523
AAAAELQDR/2_0_30eV,0.9557132124900818,0.04428677260875702
AAAAEPPVIELGAR/2_0_30eV,0.9561918377876282,0.04380814731121063
AAAAGAAAAAAAEGEAPAEMGALLLEK/2_0_30eV,0.9065976142883301,0.09340236335992813
AAAAGDADDEPR/2_0_30eV,0.9669373035430908,0.03306272253394127
AAAAGEPEPPAASSSFQAR/2_0_30eV,0.966028094291687,0.03397189453244209
"AAAAGGGSCPGPGSAR/2_1(8,C,CAM)_30eV",0.8820388913154602,0.11796112358570099
AAAAGLGHPASPGGSEDGPPGSEEEDAAR/3_0_30eV,0.9351586103439331,0.0648413896560669
AAAAGRESPAAAAAR/3_0_30eV,0.9123358726501465,0.08766410499811172
AAAAKPNNLSLVVHGPGDLR/4_0_30eV,0.9373018741607666,0.0626981183886528
"AAAANSGSSLPLFDCPTWAGKPPPGLHLDVVK/3_1(14,C,CAM)_30eV",0.8972192406654358,0.10278073698282242
AAAAPAAAAASSEAPAASATAEPEAGDQDSR/3_0_30eV,0.9085230231285095,0.09147695451974869
AAAAPAGGNPEQR/2_0_30eV,0.954851508140564,0.04514852166175842
AAAAPFQTSQASASAPR/2_0_30eV,0.9692246913909912,0.030775314196944237
AAAAPLGVLPAVGWGLAIRK/2_0_30eV,0.9555646181106567,0.044435370713472366
AAAAPVAADDDERR/2_0_30eV,0.9459577798843384,0.054042235016822815
AAAAQLSLTQLSSGNPVYEK/2_0_30eV,0.9719555974006653,0.028044404461979866
"AAAASDFTCASTSRSDSFLTFAPSVLSK/3_1(8,C,CAM)_30eV",0.9560897350311279,0.04391029104590416
AAAASPAILPR/2_0_30eV,0.9327272772789001,0.06727270036935806
AAAASPRPGFWK/2_0_30eV,0.9678298830986023,0.0321701318025589
AAAASVPNADGLK/2_0_30eV,0.7224685549736023,0.2775314450263977
AAAATAAEGVPSR/2_0_30eV,0.9566904902458191,0.04330948367714882
AAAATAAEGVPSRGPPGEVIHLNVGGK/3_0_30eV,0.9521555304527283,0.047844454646110535
AAAATAAEGVPSRGPPGEVIHLNVGGKR/4_0_30eV,0.9465935826301575,0.05340639501810074
AAAATGTIFTFR/2_0_30eV,0.9707449674606323,0.029255062341690063
AAAAVAPGGLQSTPGR/2_0_30eV,0.94826740026474,0.0517326220870018
AAAAVEPDVVVK/2_0_30eV,0.9625306725502014,0.037469346076250076
AAAAVEPDVVVKR/2_0_30eV,0.9669373035430908,0.03306272253394127
AAAAVGAGHGAGGPGAASSSGGAR/2_0_30eV,0.9414081573486328,0.0585918165743351
AAAAVNFFNIDPAEPELRPHPLGIPTN/3_0_30eV,0.9614564180374146,0.03854360058903694
AAAAVVEFQR/2_0_30eV,0.9645708799362183,0.03542911261320114
AAAAVVVPAEWIK/2_0_30eV,0.9494766592979431,0.050523318350315094
AAAAWALGQIGR/2_0_30eV,0.9707449674606323,0.029255062341690063
AAAAWYRPAG/2_0_30eV,0.964870810508728,0.03512917459011078
AAAAWYRPAGRR/3_0_30eV,0.9661823511123657,0.033817656338214874
"AAACFFEQPPR/2_1(3,C,CAM)_30eV",0.9593148231506348,0.04068514704704285
AAADFATHGK/2_0_30eV,0.7725492715835571,0.22745074331760406
AAADGALPEAAALEQPAELPASVR/2_0_30eV,0.9707878232002258,0.029212160035967827
"AAADGDRDCVLQK/2_1(8,C,CAM)_30eV",0.8535499572753906,0.146450012922287
"AAADLMAYCEAHAKEDPLLTPVPASENPFR/3_1(8,C,CAM)_30eV",0.9400651454925537,0.0599348358809948
AAADLQAAQAEAAELDQQERQHYR/3_0_30eV,0.9253154993057251,0.07468453049659729
"AAADLSHGHYLSGDPVCLHEEK/4_1(16,C,CAM)_30eV",0.9437677264213562,0.05623229593038559
AAADTLAVR/2_0_30eV,0.9677019119262695,0.03229811415076256
AAAEAAVPR/2_0_30eV,0.9428888559341431,0.057111117988824844
AAAEALRLLRPEQVLK/3_0_30eV,0.9399096965789795,0.06009029969573021
AAAEATQETVESLMQK/2_0_30eV,0.966028094291687,0.03397189453244209
"AAAECFVQSYWEQYKFPVVITR/3_1(4,C,CAM)_30eV",0.8425116539001465,0.15748831629753113
AAAEDVNVTFEDQQK/2_0_30eV,0.9068750143051147,0.09312497079372406
AAAEEEDGGPEGPNR/2_0_30eV,0.9628295302391052,0.03717045113444328
AAAEEEDGGPEGPNRER/2_0_30eV,0.9561741352081299,0.04382584989070892
AAAEEGHIIPR/2_0_30eV,0.9170878529548645,0.08291216939687729
AAAEELLAR/2_0_30eV,0.9483046531677246,0.05169534310698509
AAAEELPVGASAGPQPR/2_0_30eV,0.9546210765838623,0.04537893086671829
AAAEELQEAAGAGDGATENGVQPPK/2_0_30eV,0.9669270515441895,0.033072929829359055
AAAEFGAHY/2_0_30eV,0.9546046257019043,0.045395396649837494
AAAEKPEEQGPEPLPISTQEW/2_0_30eV,0.9159746170043945,0.08402538299560547
"AAAEPGGAGCRHHPEPIPR/3_1(9,C,CAM)_30eV",0.8973428010940552,0.10265722125768661
AAAESAEAQTIR/2_0_30eV,0.9645708799362183,0.03542911261320114
AAAESSAIQSISHV/2_0_30eV,0.9628295302391052,0.03717045113444328
AAAEVNQDYGLDPK/2_0_30eV,0.9599927663803101,0.04000722989439964
"AAAEYLCR/2_1(6,C,CAM)_30eV",0.9505757093429565,0.049424316734075546
AAAFEQLQK/2_0_30eV,0.9512444734573364,0.04875553026795387
AAAFLAVLVASAPR/2_0_30eV,0.9655176401138306,0.034482333809137344
"AAAFLCCSFQRAGAVVGVPAR/3_2(5,C,CAM)(6,C,CAM)_30eV",0.8769627809524536,0.12303721159696579
AAAFLGDIALDEEDLR/2_0_30eV,0.9693899154663086,0.0306100957095623
AAAGAAATHLEVAR/2_0_30eV,0.9570999145507812,0.04290007799863815
AAAGAAGAEAPR/2_0_30eV,0.9566904902458191,0.04330948367714882
AAAGAGGARAAGPTGGASR/3_0_30eV,0.9658408761024475,0.03415914252400398
AAAGALEGVWLAVR/2_0_30eV,0.9719555974006653,0.028044404461979866
"AAAGAQASQAQLGEAAGPASETPAGTESPHSSASPCQEHK/4_1(35,C,CAM)_30eV",0.8891419172286987,0.11085810512304306
AAAGAVGLER/2_0_30eV,0.9706301093101501,0.029369892552495003
"AAAGCLNQVPLSPFLAGPRNTR/3_1(4,C,CAM)_30eV",0.9151595830917358,0.08484043180942535
AAAGDFGHDEASSR/2_0_30eV,0.765324592590332,0.23467542231082916
"AAAGDLGGDHLAFSCDVAK/2_1(14,C,CAM)_30eV",0.9510685205459595,0.048931486904621124
AAAGEEETAAAGSPGR/2_0_30eV,0.9541165828704834,0.04588343948125839
AAAGEEETAAAGSPGRK/2_0_30eV,0.965567946434021,0.03443203866481781
"AAAGEFADDPCSSVK/2_1(10,C,CAM)_30eV",0.9586895704269409,0.04131041094660759
AAAGEGTPSSRGPR/2_0_30eV,0.9252537488937378,0.0747462660074234
"AAAGELQEDSGLCVLAR/2_1(12,C,CAM)_30eV",0.9638653993606567,0.03613460436463356
AAAGGAFPR/2_0_30eV,0.9679727554321289,0.0320272371172905
AAAGGAFRP/2_0_30eV,0.9690344333648682,0.030965542420744896
AAAGGQGSAVAAEAEPGK/2_0_30eV,0.9641780853271484,0.03582189604640007
AAAGGQGSAVAAEAEPGKEEPPAR/2_0_30eV,0.7866252660751343,0.21337470412254333
AAAGLLPGGK/2_0_30eV,0.9534057378768921,0.04659423604607582
AAAGPAAGPTGPEPMPSYAQLVQR/2_0_30eV,0.8339747190475464,0.16602526605129242
AAAGPLARDTLSPEPAAR/2_0_30eV,0.9140501022338867,0.0859498679637909
AAAGPLDMSLPSTPDIK/2_0_30eV,0.9351412057876587,0.0648588016629219
AAAGPWRGWGR/3_0_30eV,0.8484044075012207,0.1515956073999405
AAAGQEKGYLTQTAAALDK/2_0_30eV,0.9233930110931396,0.07660699635744095
AAAGQESEGPAVGPPQPLGK/2_0_30eV,0.8600341081619263,0.13996592164039612
AAAGSAAGGFQR/2_0_30eV,0.9639946818351746,0.03600533679127693
AAAGSLPGLQAQLAQAEQR/2_0_30eV,0.9719555974006653,0.028044404461979866
AAAGSPRSPGPLPGAR/3_0_30eV,0.8431534171104431,0.15684659779071808
AAAGSRETPLNQESAR/3_0_30eV,0.9220252633094788,0.07797473669052124
AAAGVGGSLR/2_0_30eV,0.8768119812011719,0.12318802624940872
AAAGVTAKAGGGTSAAAASLIR/2_0_30eV,0.9408883452415466,0.05911165103316307
AAAHFLPK/2_0_30eV,0.6671901941299438,0.33280980587005615
AAAHGQWELQR/2_0_30eV,0.9421706795692444,0.057829324156045914
AAAHGQWELQRVHAK/3_0_30eV,0.8005806803703308,0.1994193196296692
"AAAHLECIFR/3_1(6,C,CAM)_30eV",0.8460249900817871,0.15397503972053528
AAAHLQGLIQVASR/2_0_30eV,0.6188523173332214,0.38114768266677856
AAAHLTVIEK/2_0_30eV,0.9328221082687378,0.0671779066324234
"AAAHQLCLK/2_1(6,C,CAM)_30eV",0.8805810809135437,0.11941889673471451
AAAIGRPLHYPVLVTK/3_0_30eV,0.9276952743530273,0.07230472564697266
AAAILEAWQR/2_0_30eV,0.7447730302810669,0.2552269697189331
AAAIPPIQVTK/2_0_30eV,0.9678298830986023,0.0321701318025589
AAAISEVVSQTPASTTQAGAPPR/2_0_30eV,0.9435430765151978,0.056456953287124634
AAAITSDILEALGR/2_0_30eV,0.9707449674606323,0.029255062341690063
AAAKAEAEATAETVAEQVR/3_0_30eV,0.8610796332359314,0.1389203667640686
AAAKAPRPPGQPPR/3_0_30eV,0.8856258392333984,0.11437416821718216
AAALAPASLTSAR/2_0_30eV,0.8562874794006348,0.14371250569820404
"AAALASGCTVEIK/2_1(7,C,CAM)_30eV",0.9664472341537476,0.03355274721980095
"AAALCNACELSGK/2_2(4,C,CAM)(7,C,CAM)_30eV",0.9629719853401184,0.03702801838517189
AAALDAGNIK/2_0_30eV,0.9678298830986023,0.0321701318025589
AAALDPAWPEPR/2_0_30eV,0.9571510553359985,0.04284893721342087
AAALEFLNR/2_0_30eV,0.9515235424041748,0.04847646877169609
AAALGGPEDEPGAAEAHFLPR/2_0_30eV,0.912281334400177,0.08771864324808121
AAALHPAPLR/2_0_30eV,0.9623075127601624,0.03769249841570854
AAALLMLTK/2_0_30eV,0.9446430802345276,0.05535692721605301
AAALPAKPPNLDAALALLR/3_0_30eV,0.9636737704277039,0.03632621094584465
AAALQALQAQAPTSPPPPPPPLK/2_0_30eV,0.8911623358726501,0.10883767157793045
AAALSATSAGR/2_0_30eV,0.9707449674606323,0.029255062341690063
AAALSFVSLVDGYFR/2_0_30eV,0.9615695476531982,0.03843047469854355
AAALSGGLLSDPELQR/2_0_30eV,0.9707449674606323,0.029255062341690063
AAALSLSTLASPK/2_0_30eV,0.9613802433013916,0.03861977532505989
AAALVDEGLDPEEHTADGEPSAK/2_0_30eV,0.9483374953269958,0.05166253075003624
AAAMANNLQK/2_0_30eV,0.9669373035430908,0.03306272253394127
AAANAVLQDK/2_0_30eV,0.9678298830986023,0.0321701318025589
"AAANGFCVFNNVAIAAAHAKQK/4_1(6,C,CAM)_30eV",0.6215555667877197,0.3784444034099579
AAANPDLQGHLPSFQQSAFNR/2_0_30eV,0.8507788777351379,0.14922113716602325
AAANVISR/2_0_30eV,0.9510736465454102,0.048926372081041336
AAAPAALTPRGTASPGSQLK/2_0_30eV,0.9556096792221069,0.044390320777893066
AAAPAEGPPGGIQPEAAEPKPTAEAPK/2_0_30eV,0.6806187629699707,0.3193812072277069
AAAPALEDLPWTSPGYLRPQRVLR/4_0_30eV,0.9249837398529053,0.07501625269651413
"AAAPAPGCCPPTPNPGSR/2_2(7,C,CAM)(8,C,CAM)_30eV",0.31790196895599365,0.6820980310440063
AAAPAPMVR/2_0_30eV,0.9469395875930786,0.05306039750576019
"AAAPAPVSEAVCR/2_1(11,C,CAM)_30eV",0.9642146825790405,0.03578529134392738
AAAPDVAPAPGPAPR/2_0_30eV,0.9482986927032471,0.05170131102204323
AAAPELSYR/2_0_30eV,0.9603849053382874,0.039615120738744736
AAAPGVEDEPLLR/2_0_30eV,0.22111576795578003,0.77888423204422
AAAPLFTGFLVLHSEPR/2_0_30eV,0.8811712861061096,0.11882872134447098
AAAPPDAPARPAVAGAGR/3_0_30eV,0.8561800122261047,0.14381997287273407
AAAPPDAPARPAVAGAGRR/3_0_30eV,0.9560505747795105,0.04394941404461861
"AAAPPRLLPPLPTCYGPLK/3_1(13,C,CAM)_30eV",0.8999308943748474,0.1000690907239914
AAAPPSAVGSSAAAPR/2_0_30eV,0.811272144317627,0.18872785568237305
AAAPRPPVSAASGRPQDDTDSSR/3_0_30eV,0.9064180850982666,0.0935819000005722
"AAAPTGLQPPGCK/2_1(11,C,CAM)_30eV",0.8840593099594116,0.11594071984291077
"AAAPVVSVPCIPPHR/3_1(9,C,CAM)_30eV",0.842217206954956,0.15778276324272156
"AAAQCYIDLIIK/2_1(4,C,CAM)_30eV",0.673916220664978,0.3260837495326996
AAAQGPEGDIQEQELQSEELGLR/2_0_30eV,0.9229296445846558,0.07707038521766663
AAAQIAQALLGAEER/2_0_30eV,0.7961486577987671,0.20385131239891052
AAAQLLQSQAQQSGAQQTK/2_0_30eV,0.6640987396240234,0.3359012305736542
AAAQLLQSQAQQSGAQQTKK/2_0_30eV,0.8853377103805542,0.114662304520607
"AAAQRCLQGLWGR/2_1(5,C,CAM)_30eV",0.93392014503479,0.06607986241579056
"AAAQSQCQISTLR/2_1(6,C,CAM)_30eV",0.32381272315979004,0.67618727684021
AAAQVLNTLWQYR/2_0_30eV,0.9719555974006653,0.028044404461979866
AAAQYYLGNFR/2_0_30eV,0.9615696668624878,0.038430310785770416
AAARPEAQSRSSPTPESR/4_0_30eV,0.7021254301071167,0.2978745400905609
AAARQLFVLLR/2_0_30eV,0.8868698477745056,0.11313017457723618
AAASAELNAALEELAAR/2_0_30eV,0.9645708799362183,0.03542911261320114
"AAASAPSSLLDQPCLCPAPSVR/2_2(13,C,CAM)(15,C,CAM)_30eV",0.9719555974006653,0.028044404461979866
AAASEPVDSGALWGLERPEPPPTR/2_0_30eV,0.8233300447463989,0.17666997015476227
AAASGIMGR/2_0_30eV,0.9707449674606323,0.029255062341690063
AAASGSVLQR/2_0_30eV,0.9650583863258362,0.034941624850034714
AAASGYTDLREK/2_0_30eV,0.9439176917076111,0.056082334369421005
AAASLAAVSGTAAASLGSAQPTDLGAHK/3_0_30eV,0.9693640470504761,0.03063596971333027
AAASLAWVLR/2_0_30eV,0.9664472341537476,0.03355274721980095
"AAASLHELCAAR/2_1(8,C,CAM)_30eV",0.9303644299507141,0.06963558495044708
AAASLPPHDSHWKPSR/4_0_30eV,0.9334040880203247,0.06659593433141708
AAASPDYYK/2_0_30eV,0.9316152930259705,0.06838468462228775
AAASSSLEDLDLSGEEVQR/2_0_30eV,0.9684605002403259,0.03153951093554497
AAASTDYYK/2_0_30eV,0.9393632411956787,0.06063676252961159
AAASVTPPGSLELLQPGFSK/2_0_30eV,0.948395848274231,0.05160415545105934
AAATAEEPDPK/2_0_30eV,0.9450485110282898,0.05495147779583931
"AAATCFAR/2_1(4,C,CAM)_30eV",0.9457119703292847,0.05428802967071533
AAATETGQAAVPSRK/2_0_30eV,0.9719555974006653,0.028044404461979866
AAATFTQEDVNLGLIR/2_0_30eV,0.9708558320999146,0.02914416417479515
AAATGAVAASAASGQAEGK/2_0_30eV,0.9669373035430908,0.03306272253394127
AAATGAVAASAASGQAEGKK/2_0_30eV,0.9640806913375854,0.03591931238770485
AAATGLPEGPAVPVPSR/2_0_30eV,0.969528317451477,0.03047165274620056
AAATGNASPGKLEHSK/2_0_30eV,0.9416289329528809,0.05837104842066765
AAATIDSLASR/2_0_30eV,0.9707878232002258,0.029212160035967827
AAATISIAEWSKPQK/2_0_30eV,0.9491977691650391,0.05080221965909004
AAATISIAEWSKPQKDNK/3_0_30eV,0.9244943857192993,0.07550564408302307
AAATPESQEPQAK/2_0_30eV,0.32233870029449463,0.6776612997055054
AAATSIFETIDR/2_0_30eV,0.9650583863258362,0.034941624850034714
AAATTAQEYLK/2_0_30eV,0.9502300024032593,0.049770012497901917
AAATTSQPVLTSQQIETIFFK/2_0_30eV,0.9518709182739258,0.04812910407781601
AAATYEQMK/2_0_30eV,0.9354557394981384,0.06454426050186157
AAAVAAAGAGEPQSPDELLPK/2_0_30eV,0.9719555974006653,0.028044404461979866
AAAVAAALAR/2_0_30eV,0.9692246913909912,0.030775314196944237
AAAVAAPLAAGGEEAAATTSVPGSPGLPGRR/3_0_30eV,0.9679000377655029,0.032099973410367966
AAAVALFNLDIR/2_0_30eV,0.8745459318161011,0.12545405328273773
AAAVAMETDDAGNR/2_0_30eV,0.944419264793396,0.055580735206604004
AAAVAVAAASR/2_0_30eV,0.9682493805885315,0.03175060823559761
"AAAVCRPLRYAGLVSPR/4_1(4,C,CAM)_30eV",0.9224840402603149,0.07751598209142685
AAAVDLTNHLEYTLK/2_0_30eV,0.7800456285476685,0.21995434165000916
AAAVDPTPAAPAR/2_0_30eV,0.9578429460525513,0.042157065123319626
AAAVGWLPLAQQPLPPAPGVK/2_0_30eV,0.9719555974006653,0.028044404461979866
AAAVGWLPLAQQPLPPAPGVKASR/2_0_30eV,0.9510140419006348,0.048985958099365234
AAAVLAAESMVVTLAK/2_0_30eV,0.965567946434021,0.03443203866481781
AAAVLGNLIFGSLVSITK/2_0_30eV,0.9695600867271423,0.030439916998147964
AAAVLLSDPQFQWSVR/2_0_30eV,0.6286237239837646,0.37137624621391296
AAAVLLSDPQFQWSVRR/3_0_30eV,0.9590917825698853,0.04090823978185654
AAAVLPVLDLAQR/2_0_30eV,0.950433611869812,0.049566417932510376
AAAVLRDSTSVPVTAEAK/2_0_30eV,0.9499253034591675,0.050074707716703415
AAAVQADDVEVLK/2_0_30eV,0.9650946259498596,0.03490540012717247
AAAVSSGFDGAIQLVSLGGR/2_0_30eV,0.9669373035430908,0.03306272253394127
AAAVSSVVR/2_0_30eV,0.9308602809906006,0.06913973391056061
AAAWWGRLEGAK/2_0_30eV,0.9561140537261963,0.043885938823223114
AAAYDLLVEMVK/2_0_30eV,0.9496666193008423,0.05033339932560921
AAAYSAQVQPVDGATR/2_0_30eV,0.9535519480705261,0.04644807055592537
"AACACDQKPCSCSK/3_4(2,C,CAM)(4,C,CAM)(9,C,CAM)(11,C,CAM)_30eV",0.8557020425796509,0.14429794251918793
"AACALLNSGGGVIR/2_1(2,C,CAM)_30eV",0.9459505081176758,0.05404948070645332
"AACANNVGLLR/2_1(2,C,CAM)_30eV",0.8518476486206055,0.14815235137939453
"AACEQQAVALTLQEDR/2_1(2,C,CAM)_30eV",0.9384195804595947,0.061580441892147064
"AACETFDVR/2_1(2,C,CAM)_30eV",0.8773331642150879,0.1226668655872345
"AACFDGHLEVVR/3_1(2,C,CAM)_30eV",0.2657633423805237,0.7342366576194763
"AACGAVLLTELLER/2_1(2,C,CAM)_30eV",0.9574435353279114,0.04255647212266922
"AACGPSSCYALFPR/2_2(2,C,CAM)(7,C,CAM)_30eV",0.8653579950332642,0.13464200496673584
"AACICAEEEK/2_2(2,C,CAM)(4,C,CAM)_30eV",0.8533874154090881,0.14661258459091187
"AACICAEEEKEEL/2_2(2,C,CAM)(4,C,CAM)_30eV",0.8726889491081238,0.12731103599071503
"AACLCFR/2_2(2,C,CAM)(4,C,CAM)_30eV",0.9297105073928833,0.0702894851565361
"AACLLDGVPVALK/2_1(2,C,CAM)_30eV",0.9553132653236389,0.04468671232461929
"AACLLDGVPVALKK/2_1(2,C,CAM)_30eV",0.9086930155754089,0.09130698442459106
"AACLPLPGYR/2_1(2,C,CAM)_30eV",0.8296070098876953,0.1703929603099823
"AACPCPQSSPPEQK/2_2(2,C,CAM)(4,C,CAM)_30eV",0.8595089912414551,0.14049102365970612
"AACPHQESQSHGPPKESR/4_1(2,C,CAM)_30eV",0.6598052978515625,0.3401947021484375
"AACPHQESQSHGPPKESRPSIQLPR/6_1(2,C,CAM)_30eV",0.3978081941604614,0.6021918058395386
"AACQMLCR/2_2(2,C,CAM)(6,C,CAM)_30eV",0.8067564368247986,0.1932435780763626
"AACSSALGYLTYNANAFRILLK/2_1(2,C,CAM)_30eV",0.929716944694519,0.07028306275606155
"AACSSSEEDDCVSLSK/2_2(2,C,CAM)(10,C,CAM)_30eV",0.8572352528572083,0.14276473224163055
"AACSVVRPLAR/3_1(2,C,CAM)_30eV",0.8659155964851379,0.13408438861370087
"AACVALLLPGAPARGYTGR/3_1(2,C,CAM)_30eV",0.9436547756195068,0.05634522810578346
"AACVPWENK/2_1(2,C,CAM)_30eV",0.7470057010650635,0.25299426913261414
AADAEAEVASLNR/2_0_30eV,0.8021227717399597,0.1978772133588791
AADAEGYLAHPVNAYK/3_0_30eV,0.8100253343582153,0.18997466564178467
AADALVAGAISNGGLYVK/2_0_30eV,0.9518160223960876,0.048183996230363846
AADAPFVINAIIR/2_0_30eV,0.918358564376831,0.08164142072200775
AADAVEDLR/2_0_30eV,0.9544664621353149,0.04553350806236267
"AADCAVDHHFR/2_1(3,C,CAM)_30eV",0.8836708664894104,0.1163291409611702
"AADCAVDHHFRFCLLLR/4_2(3,C,CAM)(12,C,CAM)_30eV",0.8929646611213684,0.10703536123037338
"AADCDLQITNAQTK/2_1(3,C,CAM)_30eV",0.42437028884887695,0.575629711151123
"AADCEVEQWDSDEPIPAK/2_1(3,C,CAM)_30eV",0.8852540850639343,0.11474590003490448
AADDFLEDLPLEETGAIER/2_0_30eV,0.94619220495224,0.05380777642130852
AADDSKEVESFQQLLNAR/2_0_30eV,0.9013454914093018,0.09865450114011765
AADDTWEPFASGK/2_0_30eV,0.9481323957443237,0.05186757817864418
AADEESLEGEGAGGADAAEESSGTK/2_0_30eV,0.7558026313781738,0.24419735372066498
AADEGPEGRYR/2_0_30eV,0.9129362106323242,0.08706381171941757
AADEIEKEKELLIHER/4_0_30eV,0.7517762780189514,0.24822373688220978
AADENFDYLFK/2_0_30eV,0.5241140127182007,0.4758859872817993
AADEPAYLTVGTDVSAK/2_0_30eV,0.9287922382354736,0.07120773941278458
"AADEPQLLHGAGICK/2_1(13,C,CAM)_30eV",0.41268283128738403,0.587317168712616
AADEVLAEAK/2_0_30eV,0.941886305809021,0.0581137016415596
AADFAQDIDINPGAVYK/2_0_30eV,0.9306326508522034,0.06936735659837723
AADFEDLLSGQGFNAHK/3_0_30eV,0.8478554487228394,0.15214458107948303
AADFHGNDFGNDR/3_0_30eV,0.8547621965408325,0.14523781836032867
AADFIDQALAQK/2_0_30eV,0.8784359097480774,0.12156409025192261
AADFIEELSSLFK/2_0_30eV,0.7431018352508545,0.2568981349468231
AADFIQR/2_0_30eV,0.9263107776641846,0.07368920743465424
AADGDWQDFYEFQEPAR/2_0_30eV,0.8997964262962341,0.10020357370376587
AADGGERPLAASPPGTVK/2_0_30eV,0.8612604141235352,0.13873961567878723
"AADGNTALHYAALYNQPDCLK/2_1(18,C,CAM)_30eV",0.7823118567466736,0.2176881581544876
AADGNYYNAR/2_0_30eV,0.8946208953857422,0.1053791344165802
AADGSAVSTVTK/2_0_30eV,0.9329540133476257,0.06704599410295486
AADGSLDTQPK/2_0_30eV,0.948322057723999,0.051677949726581573
AADGSLDTQPKK/2_0_30eV,0.9243672490119934,0.07563276588916779
AADHLKPFLDDSTLR/3_0_30eV,0.8601019382476807,0.13989807665348053
AADIEQQAVFAVFDENK/2_0_30eV,0.6040495038032532,0.3959504961967468
AADIGGLWATIR/2_0_30eV,0.8609462380409241,0.13905376195907593
AADIHTFSSVLEK/2_0_30eV,0.888139545917511,0.11186046898365021
"AADIIECFSVPVSYR/2_1(6,C,CAM)_30eV",0.8820185661315918,0.1179814264178276
"AADISESSGADCKGDPR/3_1(11,C,CAM)_30eV",0.9157653450965881,0.08423467725515366
AADKFLSLIPR/2_0_30eV,0.8010209798812866,0.19897903501987457
AADKLGSTQIVK/2_0_30eV,0.950269877910614,0.04973011091351509
AADKSPESQNLIDGTK/2_0_30eV,0.9121826887130737,0.08781733363866806
AADKSPESQNLIDGTKKPSLK/2_0_30eV,0.6481902599334717,0.35180971026420593
AADLAEALYGVPGSNQELLLKR/2_0_30eV,0.18654322624206543,0.8134567737579346
AADLAFLEK/2_0_30eV,0.9477925896644592,0.052207399159669876
AADLFESEGAK/2_0_30eV,0.9432752728462219,0.056724704802036285
AADLGLNK/2_0_30eV,0.9364373683929443,0.06356260925531387
AADLHGSVGQR/2_0_30eV,0.8662030696868896,0.13379693031311035
AADLLAADFSGK/2_0_30eV,0.8473555445671082,0.15264444053173065
AADLLAYIHK/2_0_30eV,0.9038500785827637,0.09614989906549454
AADLLQFPAVK/2_0_30eV,0.9581142663955688,0.041885729879140854
AADLLVNPLDPR/2_0_30eV,0.9583354592323303,0.04166451469063759
AADLNGDLTATR/2_0_30eV,0.9368526935577393,0.06314729899168015
AADLNLEWISLPR/2_0_30eV,0.9084755182266235,0.09152448177337646
AADLPDR/2_0_30eV,0.941240668296814,0.058759331703186035
AADLPDRDTWK/2_0_30eV,0.8821370601654053,0.11786296218633652
"AADLSFCQQEK/2_1(6,C,CAM)_30eV",0.9395443201065063,0.06045565381646156
AADLSKPIDKR/2_0_30eV,0.9405477643013,0.059452224522829056
AADLVEALYGTPHNNQD/2_0_30eV,0.6761766672134399,0.32382333278656006
AADLVEALYGTPHNNQDIILK/2_0_30eV,0.7359899878501892,0.2640100121498108
AADMLSGPR/2_0_30eV,0.8630527257919312,0.13694725930690765
"AADNYECNRWAPDIYCPR/2_2(6,C,CAM)(15,C,CAM)_30eV",0.1321408748626709,0.8678591251373291
AADPGPGAELDPAAPPPAR/2_0_30eV,0.934562087059021,0.06543788313865662
AADPLNLSFLLDEHFPK/3_0_30eV,0.3837118148803711,0.6162881851196289
AADPTAPGSDSAVTLR/2_0_30eV,0.939458429813385,0.06054157763719559
AADPTELRLGSLPVFTR/2_0_30eV,0.8786484599113464,0.12135155498981476
AADPVPSFDESSQDTSEK/2_0_30eV,0.9477779865264893,0.05222204327583313
AADPYSDLVK/2_0_30eV,0.7863014936447144,0.21369847655296326
AADQFDIYSSQQSK/2_0_30eV,0.9331421852111816,0.06685784459114075
AADRLEEEIEEHAFDDNK/3_0_30eV,0.41461247205734253,0.5853875279426575
AADRLEQELLR/2_0_30eV,0.9282171726226807,0.07178284972906113
AADRLPNLSSPSAEGPPGPPSGPAPR/2_0_30eV,0.7194783687591553,0.2805216312408447
AADSDDGAVSAPAASDGGVSK/2_0_30eV,0.8461538553237915,0.1538461446762085
AADSLQQNLQR/2_0_30eV,0.8985998034477234,0.10140018165111542
AADSSAPEDSEK/2_0_30eV,0.9313588738441467,0.06864112615585327
AADSSAPEDSEKLVGDTVSYSK/3_0_30eV,0.9118017554283142,0.0881982296705246
AADTDGDGQVNYEEFVR/2_0_30eV,0.3969072103500366,0.6030927896499634
